roman,urdu,english,section_ids,search,notes
tax|taks|tex|texes,ٹیکس|محصول,tax / income tax,,,
income tax|inkam tax|income taks,انکم ٹیکس,income tax,ITO2001-s4,,
amdani|aamdani|amdni|aamdni|kamai|kamaai,آمدنی|آمدن|کمائی,income,ITO2001-s10 ITO2001-s11,,
qabil e tax amdani|taxable income|taxable amdani,قابل ٹیکس آمدنی,taxable income,ITO2001-s9,,
kul amdani|total amdani,کل آمدنی,total income,ITO2001-s10,,
tankhwah|tankhwa|tankhah|tankha|tanqwah|salary|sallary|salry|pay,تنخواہ|تنخواه|سیلری,salary / income under the head salary,ITO2001-s12 ITO2001-s149,,
mulazim|mulazmat|mulazim log|employee|mulazimeen,ملازم|ملازمت|ملازمین,employee / employment,ITO2001-s12,,
malik|employer|aajir|company wala,آجر|مالک,employer (person paying salary),ITO2001-s149,,
naukri|nokri|job,نوکری|ملازمت,employment,ITO2001-s12,,
tankhwah dar|salaried|salary wala|salaried shakhs,تنخواہ دار,salaried individual,ITO2001-sch1-pI-divI,,
katoti|kattoti|kataoti|katauti|kaT|kat|katna|katega|katay|kaat|kata,کٹوتی|کاٹنا|کٹے گا|کٹتا,withholding / deduction of tax at source,ITO2001-s149 ITO2001-s158,,verb forms: 'kitna tax katega' = how much tax will be withheld
deduct|deduction|minha|minhai,منہا|کٹوتی,deduction,,,
wasooli|wasuli|collection|wasool,وصولی,collection of tax / recovery,ITO2001-s138,,
advance tax|peshgi tax|peshgi|pehle tax,ایڈوانس ٹیکس|پیشگی ٹیکس|پیشگی,advance tax,ITO2001-s147,,
qist|qistain|installment|kist,قسط|اقساط,instalment (of advance tax),ITO2001-s147,,
final tax|hatmi tax|akhri tax,حتمی ٹیکس,final tax (deduction treated as final discharge),ITO2001-s169,yes,
adjust|adjustable|adjust hoga|minha hoga|credit milega,ایڈجسٹ|قابل ایڈجسٹ,credit for tax collected or deducted (adjustable),ITO2001-s168,,
refund|rifund|wapsi|paise wapas|wapas milna,ریفنڈ|واپسی,refund of excess tax,ITO2001-s170,yes,
filer|filar|filler|faailer|tax filer,فائلر,filer: person on the Active Taxpayers List (ATL),ITO2001-s181A,,
non filer|nonfiler|non-filer|non filar|filer nahi|filer na ho,نان فائلر|غیر فائلر,person not on the Active Taxpayers List (non-ATL),ITO2001-s181A,,
atl|active taxpayer|active tax payer|active taxpayers list,اے ٹی ایل|فعال ٹیکس دہندگان,Active Taxpayers' List (ATL),ITO2001-s181A,,
tax dehinda|taxpayer|tax payer|tax dene wala,ٹیکس دہندہ|ٹیکس دہندگان,taxpayer,,,
gosh wara|goshwara|return|ritarn|gosh-wara|income tax return,گوشوارہ|ریٹرن|ٹیکس ریٹرن,return of income,ITO2001-s114,,
return file|return jama|return bharna|return dena|file karna|filing,ریٹرن فائل|گوشوارہ جمع,furnishing / filing the return of income,ITO2001-s114 ITO2001-s118,,
akhri tareekh|aakhri tareekh|last date|due date|deadline|mehlat,آخری تاریخ|مقررہ تاریخ,due date,ITO2001-s118 ITO2001-s137,,
mehlat barhana|extension|tareekh barhana|waqt barhana,مہلت میں توسیع,extension of time for furnishing returns,ITO2001-s119,yes,
dair|dair se|late|der se|takheer,تاخیر|دیر سے,late / after the due date,ITO2001-s182A,,
jurmana|jurmaana|penalty|penalti|fine,جرمانہ,"penalty or fine (penalties for offences: s182; a fine or penalty paid for violating any law, rule or regulation is not a deductible expense: s21)",ITO2001-s182 ITO2001-s21,yes,
default surcharge|late payment surcharge,ڈیفالٹ سرچارج,default surcharge (on late payment of tax),ITO2001-s205,yes,
wealth statement|daulat ka goshwara|assets ki tafseel|asason ka gosh wara|wealth statment,ویلتھ اسٹیٹمنٹ|دولت کا گوشوارہ|اثاثوں کا گوشوارہ,wealth statement,ITO2001-s116,yes,
asase|asasay|asaase|assets|jaidad,اثاثے|اثاثہ جات|جائیداد,assets,ITO2001-s116,,
nazar sani|nazarsani|revision|tarmeem|amend,نظرثانی|ترمیم,revision / amendment,ITO2001-s122 ITO2001-s114,,
appeal|apeel|apil|appeal karna,اپیل,appeal,ITO2001-s127 ITO2001-s131,yes,
commissioner appeals|commissioner appeal,کمشنر اپیلز,Commissioner (Appeals),ITO2001-s127,yes,
tribunal|appellate tribunal|atir,ٹریبونل|اپیلیٹ ٹریبونل,Appellate Tribunal Inland Revenue,ITO2001-s130 ITO2001-s131,yes,
high court|haikort|hai court,ہائی کورٹ,High Court (reference),ITO2001-s133,yes,
notice|notis|nottis,نوٹس,notice,ITO2001-s176 ITO2001-s218,,
audit|odit|jaanch parhtal|jaanch,آڈٹ|جانچ پڑتال,audit,ITO2001-s177,yes,
assessment|tashkhees|tashkhis,تشخیص|اسیسمنٹ,assessment,ITO2001-s120,,
best judgement|andaze se tax|best judgment,بہترین فیصلہ|اندازے سے,best judgement assessment,ITO2001-s121,yes,
record|rikaard|hisaab kitaab|hisab kitab|khata|books of accounts,ریکارڈ|حساب کتاب|کھاتہ,records / accounts,ITO2001-s174,,
ntn|national tax number|tax number,این ٹی این|نیشنل ٹیکس نمبر,National Tax Number (NTN),ITO2001-s181 ITO2001-s181C,yes,
registration|registration karwana|register hona|rajistreshan,رجسٹریشن|اندراج,taxpayer's registration,ITO2001-s181,,
cnic|shanakhti card|id card|nadra,شناختی کارڈ|نادرا,CNIC / NADRA,ITO2001-s175B,yes,
kiraya|kiraaya|kiraya dar|rent|rent pe dena|karaya,کرایہ|کرایہ دار,rent,ITO2001-s155 ITO2001-s15,yes,
kiraya ki amdani|rental income|kiraye ki amdani|makan ka kiraya,کرایہ کی آمدنی,income from property (rent),ITO2001-s15 ITO2001-s155,yes,
makan|makaan|ghar|kothi|house|flat|apartment,مکان|گھر|کوٹھی|فلیٹ,house / immovable property,,,
ghair manqoola jaidad|ghair manqula|property|plot|zameen|zamin|immovable property,غیر منقولہ جائیداد|پراپرٹی|پلاٹ|زمین,immovable property,ITO2001-s236C ITO2001-s236K,,
property khareedna|plot khareedna|kharid|khareed|khareedari|purchase,خریداری|خریدنا,purchase (acquisition),ITO2001-s236K,,
property bechna|farokht|bechna|bech|sale,فروخت|بیچنا,sale / disposal,ITO2001-s236C,,
intiqal|inteqal|transfer|muntaqili,انتقال|منتقلی,transfer (of immovable property),ITO2001-s236C ITO2001-s236K,,
capital gain|munafa|munafe|munafey|munafay|mnafa|nafa|faida,کیپیٹل گین|منافع|نفع,capital gain / gain on disposal,ITO2001-s37,,
shares|hisas|stock|stocks|share bazar|stock exchange|psx,حصص|شیئرز|اسٹاک,"shares / securities (gain on disposal: s37A, rates in Division VII of Part I of the First Schedule; dividends: s150)",ITO2001-s37A ITO2001-sch1-pI-divVII,yes,
dividend|munafa munqasma|devidend,ڈیویڈنڈ|منافع منقسمہ,dividend,ITO2001-s5 ITO2001-s150,yes,
sood|munafa bank|bank ka munafa|bank munafa|bank ke munafe|bank munafe|profit on debt|interest|byaaj|biyaj,سود|بینک منافع,profit on debt / interest,ITO2001-s7B ITO2001-s151,yes,
bachat|bachat account|savings|saving certificate|national savings|qaumi bachat,بچت|قومی بچت,savings / profit on debt from savings schemes,ITO2001-s151,yes,
bank|bainak,بینک,bank / banking company,,,
naqd|cash|kaish|nakad,نقد|کیش,cash,,,
cash nikalna|cash nikalwana|cash withdrawal|paise nikalna,نقد رقم نکلوانا|کیش نکالنا,cash withdrawal,ITO2001-s231AB,yes,
company car|company gaari|company ki gaari|company ki gari|company ne gaari|company ne gari|office car|office ki gaari|official car|conveyance,کمپنی کی گاڑی|دفتر کی گاڑی|سرکاری گاڑی,motor vehicle provided by the employer (perquisite in salary: s13; value under rule 5 of the Income Tax Rules),ITO2001-s13 ITR2002-r5,yes,D69
gaari|gari|gaadi|car|motor car|vehicle|motor gaari,گاڑی|موٹر کار,motor vehicle,ITO2001-s231B ITO2001-s234,,
gaari registration|gari registration|token tax,گاڑی کی رجسٹریشن,registration of motor vehicle (advance tax),ITO2001-s231B,yes,
bijli|bijli ka bill|electricity|bijli bill,بجلی|بجلی کا بل,electricity consumption (advance tax on bills),ITO2001-s235,yes,
phone|mobile|mobile load|internet|telephone,فون|موبائل|انٹرنیٹ,telephone and internet users,ITO2001-s236,yes,
baahar|bahar|bairun e mulk|abroad|foreign|videsh,بیرون ملک|باہر,abroad / foreign,,,
bairuni amdani|bahar ki amdani|foreign income|foreign source income,غیر ملکی آمدنی|بیرونی آمدنی,foreign-source income,ITO2001-s101 ITO2001-s102,yes,
tarsilat|remittance|remitance|paisa bhejna|bahar paisa bhejna|bahar paise bhejna,ترسیلات زر|رقم بھیجنا,remittance (sending money abroad by card: s236Y),ITO2001-s236Y,yes,
bahar se paisa|bahar se paise|bahar se paisay|bahar se raqam|bahar se payment|bahar se dollar|bahar ki kamai|bahar se kamai|money from abroad|money comes from abroad|earnings from abroad,باہر سے پیسے|باہر سے پیسہ|باہر سے رقم|باہر سے آتے|بیرون ملک سے رقم,"money received from abroad: two meanings. For a freelancer or IT exporter it is export proceeds of IT services (tax deducted by the bank: s154A, Division IVA of Part III of the First Schedule); for a home remittance from a relative it is a foreign remittance (s111(4)). Not s236Y, which is tax on sending money abroad by card",ITO2001-s154A ITO2001-sch1-pIII-divIVA ITO2001-s111,yes,D69: both meanings go to retrieval
card se payment|debit card|credit card|bahar card se,کارڈ سے ادائیگی,payment by debit/credit card abroad,ITO2001-s236Y,yes,
freelancer|freelancing|freelance|free lancer|online kaam|upwork|fiverr,فری لانسر|فری لانسنگ|اپ ورک|فائیور,freelancer / export of IT services,ITO2001-s154A ITO2001-sch1-pIII-divIVA,yes,
software export|it export|it services|pseb,آئی ٹی برآمدات|سافٹ ویئر,export of IT and IT-enabled services (PSEB),ITO2001-s154A ITO2001-sch1-pIII-divIVA,yes,
export|bar amad|baramadat|baramad,برآمد|برآمدات,export,ITO2001-s154 ITO2001-s154A,,
import|dar amad|daramad,درآمد|درآمدات,import,ITO2001-s148,,
tijarat|karobar|kaarobaar|business|dukaan|dukan|dhanda,کاروبار|تجارت|دکان,business,ITO2001-s18,,
dukandar|shopkeeper|chhota tajir|small trader|tajir,دکاندار|تاجر,retailer / small trader,ITO2001-s99B ITO2001-s236H,yes,
dealer|distributor|thok farosh,ڈیلر|ڈسٹری بیوٹر|تھوک فروش,distributor / dealer / wholesaler,ITO2001-s236G,yes,
khurda farosh|retailer|parchoon,خوردہ فروش|پرچون,retailer,ITO2001-s236H,yes,
theka|thekedar|contract|contractor|thekay,ٹھیکہ|ٹھیکیدار,contract / contractor,ITO2001-s153,,
supply|farahmi|saman|maal|goods,فراہمی|سامان|مال,supply of goods,ITO2001-s153,,
khidmat|khidmaat|services|service,خدمات|سروس,services,ITO2001-s153,,
adaigi|payment|paisay dena,ادائیگی,payment,,,
ghair muqeem|ghair rahaishi|non resident|non-resident|pardesi|live abroad|living abroad|lives abroad|bahar rehta|bahar rehti|bahar rehte,غیر مقیم|نان ریزیڈنٹ|بیرون ملک رہتا|بیرون ملک رہتی|باہر رہتا,non-resident person (not required to file a return solely because of owning immovable property: s115(3)(d)),ITO2001-s81 ITO2001-s152 ITO2001-s115,yes,
muqeem|rahaishi|resident|resident hona,مقیم|ریزیڈنٹ,resident person,ITO2001-s81 ITO2001-s82,yes,
din|dino|days|183 din|120 din,دن,days (residence test),ITO2001-s82,,
overseas pakistani|samandar par pakistani|bahar rehne wala,سمندر پار پاکستانی,overseas Pakistani / returning expatriate,ITO2001-s51,yes,
wapas aana|returning expatriate|watan wapsi,وطن واپسی,returning expatriate,ITO2001-s51,yes,
zakat|zakaat,زکوٰۃ|زکوة,Zakat (deductible allowance),ITO2001-s60,yes,
khairat|khairaat|atiya|donation|chanda|sadqa,خیرات|عطیہ|چندہ,charitable donation (tax credit),ITO2001-s61,yes,
pension|penshan,پنشن,pension (taxed as salary; tax deducted on pension over Rs. 10 million a year for a former employee below 70: s149(1A); commuted pension exempt: clause 12 of Part I of the Second Schedule),ITO2001-s149 ITO2001-s12 ITO2001-sch2-pI-cl12,yes,
pension fund|approved pension fund|vps,پنشن فنڈ,approved pension fund (tax credit),ITO2001-s63,yes,
gratuity|grachuity|graituity,گریجویٹی,gratuity,ITO2001-sch2-pI-cl13,yes,
provident fund|pf|pravident fund,پراویڈنٹ فنڈ,provident fund,,,
fees|fee|school fees|tuition fee|taleemi akhrajat|parhai ka kharcha,فیس|ٹیوشن فیس|تعلیمی اخراجات,education expenses (deductible allowance),ITO2001-s60D,yes,
bachay|bachon|bache|children|aulad,بچے|بچوں|اولاد,children,ITO2001-s60D ITO2001-s91,yes,
nabaligh|minor|nabalig,نابالغ,minor child,ITO2001-s91,yes,
biwi|shohar|miyan biwi|spouse|zauja,بیوی|شوہر|زوجہ,spouse,,,
wirasat|wirsa|wirasat mein mili|inheritance|warisan|mayyat,وراثت|ورثہ|میت,inheritance / deceased individual,ITO2001-s87,yes,
tohfa|tohfe|gift|hiba,تحفہ|ہبہ,gift,ITO2001-s39,yes,
inaam|inam|prize|lottery|prize bond|inamat,انعام|لاٹری|پرائز بانڈ,prizes and winnings,ITO2001-s156,yes,
zari|zaraat|kheti|fasal|fasl|kisan|agriculture|zameendar|zamindar,زراعت|کھیتی|فصل|کسان|زمیندار,agricultural income (federal exemption),ITO2001-s41,yes,
wafaqi|federal|markazi,وفاقی,federal,,,
subai|provincial|suba|province,صوبائی|صوبہ,provincial,,,
chhoot|chhut|riyayat|exemption|mustasna|mu'af|maaf|maafi,چھوٹ|رعایت|استثنیٰ|معاف,exemption,ITO2001-s53,,
tax credit|credit,ٹیکس کریڈٹ,tax credit,ITO2001-s65,,
shareh|sharah|rate|ret|percent|feesad|fisad,شرح|فیصد,rate of tax,ITO2001-sch1-pI-divI,,
slab|slabs|darja|hadd,سلیب|حد,income slab / band,ITO2001-sch1-pI-divI,,
kam az kam tax|minimum tax|kam se kam tax,کم از کم ٹیکس,minimum tax,ITO2001-s113,yes,
super tax|supar tax,سپر ٹیکس,super tax on high earning persons,ITO2001-s4C,yes,
surcharge|sarcharge,سرچارج,surcharge,ITO2001-s4AB,yes,
tax saal|tax sal|tax year|mali saal|maali saal|fiscal year|financial year,ٹیکس سال|مالی سال,tax year (1 July to 30 June; named after the year it ends),ITO2001-s74,,
budget|finance act|finance bill|bajat,بجٹ|فنانس ایکٹ,Finance Act,,,
fbr|federal board of revenue|board,ایف بی آر,Federal Board of Revenue,,,
iris|portal|online portal|e-filing,آئرس|پورٹل,IRIS e-filing portal,ITO2001-s118,yes,
certificate|sanad|tax certificate|kati hui raqam ka certificate,سرٹیفکیٹ|سند,certificate of collection or deduction of tax,ITO2001-s164,,
kam shareh certificate|exemption certificate|lower rate certificate,کم شرح سرٹیفکیٹ,exemption or lower rate certificate,ITO2001-s159,yes,
statement|goshwara withholding|withholding statement,اسٹیٹمنٹ,withholding statement,ITO2001-s165,yes,
tax jama karwana|jama karwana|tax dena|ada karna|tax bharna,ٹیکس جمع کروانا|ادا کرنا,payment of tax,ITO2001-s137 ITO2001-s160,,
baqaya|bakaya|arrears|wajibul ada|wajib ul ada,بقایا|واجب الادا,"tax arrears / tax payable (for salary paid late, see salary arrears)",ITO2001-s137 ITO2001-s138,,
salary arrears|arrears of salary|salary in arrears|salary ke baqaya|salary ke bakaya|tankhwah ke baqaya|tankhwah ke bakaya|baqaya tankhwah|bakaya tankhwah|baqaya salary|bakaya salary,تنخواہ کے بقایا|بقایا تنخواہ|تنخواہ کے بقایاجات,salary paid in arrears (election to tax it at the rates of the year the services were rendered: s12(7)),ITO2001-s12,yes,D69
wasooli karwai|recovery|qurqi|attachment,وصولی کی کارروائی|قرقی,recovery of tax,ITO2001-s138 ITO2001-s140,yes,
chhupana|chupana|concealment|chhupi amdani,چھپانا|پوشیدہ آمدنی,concealment of income,ITO2001-s192A,yes,
na maloom amdani|unexplained income|be hisab paisa|zaraye amdani,نامعلوم آمدنی|ذرائع آمدن,unexplained income or assets,ITO2001-s111,yes,
muqaddama|prosecution|saza|jail|qaid,مقدمہ|سزا|قید,prosecution / offences,ITO2001-s191,yes,
company|kampani|firm,کمپنی|فرم,company,ITO2001-s80 ITO2001-s94,,
aop|association of persons|shiraakat|partnership|sharakat,شراکت داری|ایسوسی ایشن آف پرسنز,association of persons (AOP) / partnership,ITO2001-s92,,
fard|shakhs|individual|shakhsi,فرد|شخص|انفرادی,individual,ITO2001-s80,,
shaadi hall|marriage hall|function|taqreeb|shaadi,شادی ہال|تقریب,functions and gatherings (advance tax),ITO2001-s236CB,yes,
neelami|nilami|auction,نیلامی,sale by auction,ITO2001-s236A,yes,
petrol|petroleum|pump,پیٹرول|پیٹرولیم,petroleum products,ITO2001-s156A,yes,
commission|kamishan|brokerage|dalali,کمیشن|دلالی|بروکریج,brokerage and commission,ITO2001-s233,yes,
ghar ka kaam wala|domestic worker|foreign maid|khansama,گھریلو ملازم,foreign domestic workers,ITO2001-s231C,yes,
perks|perquisites|sahuliat|marayat|benefits,مراعات|سہولیات,perquisites / value of benefits provided by employer,ITO2001-s13,,
kharcha|kharche|akhrajat|expenses,اخراجات|خرچہ,expenses / deductions,ITO2001-s20,,
nuqsan|nuqsaan|khasara|loss,نقصان|خسارہ,loss,ITO2001-s56 ITO2001-s57,,
aage le jana|carry forward,آگے لے جانا,carry forward of losses,ITO2001-s57,yes,
farsoodgi|depreciation|ghisai,فرسودگی|گھساوٹ,depreciation,ITO2001-s22,yes,
qarz|loan|udhaar|udhar,قرض|ادھار,debt / loan,,,
ghar ka qarz|house loan|mortgage|home loan,گھر کا قرض,loan for house construction or purchase,ITO2001-s63A,yes,
mulk|pakistan,ملک|پاکستان,Pakistan,,,
kitna|kitni|kitne|kya shareh,کتنا|کتنی|کتنے,how much,,,
kab|kab tak|kis tareekh,کب|کب تک,when / by what date,,,
lagta|lagega|lagay ga|lagta hai|lagti,لگتا|لگے گا,is charged / applies,,,
bharna|dena|dena parega,بھرنا|دینا,to pay,,,
zaruri|zaroori|lazmi|laazmi,ضروری|لازمی,required / mandatory,,,
chhoot hai|mu'af hai|tax nahi,ٹیکس نہیں|معاف ہے,is exempt,ITO2001-s53,,
builder|developer|tameer|tameerat,بلڈر|ڈویلپر|تعمیرات,builders and developers,ITO2001-s7C ITO2001-s7D,yes,
sukuk,صکوک,sukuk,ITO2001-s5AA,yes,
insurance|beema|bima|takaful,انشورنس|بیمہ|تکافل,insurance,ITO2001-s99,yes,
social media|youtube|youtuber|tiktok|content creator,سوشل میڈیا|یوٹیوب,revenues from social media / digital content,ITO2001-s154B,yes,
online marketplace|daraz|online dukan|e-commerce,آن لائن مارکیٹ پلیس,online marketplace,ITO2001-s165C,yes,
digital|digital services|netflix|google ads,ڈیجیٹل,payments for digital transactions / services,ITO2001-s6A,yes,
bonus shares|bonus hisas,بونس شیئرز,bonus shares,ITO2001-s236Z,yes,
foreign tax|bahar tax diya|double tax|dohra tax,دوہرا ٹیکس|غیر ملکی ٹیکس,foreign tax credit / double taxation,ITO2001-s103 ITO2001-s107,yes,
qanoon|qanun|ordinance|ain,قانون|آرڈیننس,law / Ordinance,,,
qaida|qawaid|qawaneen|rules,قاعدہ|قواعد,Income Tax Rules,,,
dafa|dafah|daf'a|section,دفعہ,section,,,
jadwal|schedule|shedule,جدول|شیڈول,Schedule,,,
shiq|clause|shaq,شق,clause,,,
sarkari mulazim|government employee|sarkari naukri,سرکاری ملازم,government employee,,,
fauj|army|armed forces|faujion,فوج|مسلح افواج,armed forces,,,
bewa|widow|yateem|orphan,بیوہ|یتیم,widow / orphan (not required to file a return solely because of owning property or a vehicle: s115(3)),ITO2001-s115,yes,
buzurg|senior citizen|60 saal|budhe,بزرگ|سینئر سٹیزن,senior citizen,,,
maazoor|disabled|mazoor|mazur,معذور,person with disability,,,
scholarship|wazifa|wazeefa,وظیفہ|اسکالرشپ,scholarship,ITO2001-s47,yes,
nafaqa|kharcha pani|alimony|support payment,نفقہ,support payments under an agreement to live apart,ITO2001-s48,yes,
mushtarka|joint|sanjha|joint owners,مشترکہ|سانجھا,joint owners,ITO2001-s66,yes,
market value|bazari qeemat|fair market value|dc rate|fbr value,بازاری قیمت|مارکیٹ ویلیو,fair market value,ITO2001-s68,yes,
qeemat|keemat|price|value,قیمت,value / consideration,,,
lakh|laakh|lac,لاکھ,lakh (Rs. 100000),,,"1 lakh = Rs. 100,000"
crore|karor|karod,کروڑ,crore (Rs. 10 million),,,"1 crore = Rs. 10,000,000"
rupay|rupees|rs|pkr,روپے,rupees,,,
mahana|monthly|mahina|har mahine,ماہانہ|مہینہ,monthly,,,
salana|annual|saal ka|yearly|saalana,سالانہ,annual,,,
foreign salary|salary abroad|salary earned abroad|abroad salary|job abroad|work abroad|employment abroad|work in saudi|work in dubai|bahar ki salary|bahar ki tankhwah|bahar job|bahar naukri|bairun e mulk salary|bairun e mulk tankhwah|saudia me job|saudia ki salary|dubai me job|dubai ki salary,بیرون ملک کی تنخواہ|بیرون ملک تنخواہ|غیر ملکی تنخواہ|بیرون ملک نوکری|سعودی عرب میں نوکری|دبئی میں نوکری,foreign-source salary of a resident individual (exempt if foreign tax was paid on it),ITO2001-s102,yes,
